Frames,Total Rotations,Average time per rotation (s),Rotations per 20 seconds,Mouse number,Hemisphere,Brain region,Stimulation,Time stim is OFF (s),Session #,Control #,File name path,Video file,Time stim is ON (s)
375,-0.4461254728275164,-33.62282791191209,-0.594833963770022,2,Left,snr,0hz,15.0,,1.0,/Volumes/Data/inference/2_left_snr_0hz_2.h5,2_left_snr_0hz_2,
500,2.6438213957315444,7.564807529090295,2.6438213957315444,2,Left,snr,0hz,,1.0,,/Volumes/Data/inference/2_left_snr_0hz_2.h5,2_left_snr_0hz_2,20.0
1500,-0.7618567431268917,-78.754963503692,-0.2539522477089639,2,Left,snr,0hz,60.0,,2.0,/Volumes/Data/inference/2_left_snr_0hz_2.h5,2_left_snr_0hz_2,
500,2.753861587204183,7.262529131068167,2.753861587204183,2,Left,snr,0hz,,2.0,,/Volumes/Data/inference/2_left_snr_0hz_2.h5,2_left_snr_0hz_2,20.0
1500,-2.380538292691492,-25.204383472513943,-0.7935127642304973,2,Left,snr,0hz,60.0,,3.0,/Volumes/Data/inference/2_left_snr_0hz_2.h5,2_left_snr_0hz_2,
500,2.2452625075635715,8.907644399096496,2.2452625075635715,2,Left,snr,0hz,,3.0,,/Volumes/Data/inference/2_left_snr_0hz_2.h5,2_left_snr_0hz_2,20.0
1500,-0.2039198545723435,-294.233242397268,-0.0679732848574478,2,Left,snr,0hz,60.0,,4.0,/Volumes/Data/inference/2_left_snr_0hz_2.h5,2_left_snr_0hz_2,
375,-0.2947472617596494,-50.89105802187807,-0.3929963490128658,2,Right,snr,0hz,15.0,,1.0,/Volumes/Data/inference/2_right_snr_0hz_2.h5,2_right_snr_0hz_2,
500,0.2290725013329826,87.30860266343252,0.2290725013329826,2,Right,snr,0hz,,1.0,,/Volumes/Data/inference/2_right_snr_0hz_2.h5,2_right_snr_0hz_2,20.0
1500,0.0342634415577986,1751.1375761476472,0.0114211471859328,2,Right,snr,0hz,60.0,,2.0,/Volumes/Data/inference/2_right_snr_0hz_2.h5,2_right_snr_0hz_2,
500,-0.8873773375315774,-22.53832631745376,-0.8873773375315774,2,Right,snr,0hz,,2.0,,/Volumes/Data/inference/2_right_snr_0hz_2.h5,2_right_snr_0hz_2,20.0
1500,-0.9990596892090646,-60.056471748450576,-0.3330198964030215,2,Right,snr,0hz,60.0,,3.0,/Volumes/Data/inference/2_right_snr_0hz_2.h5,2_right_snr_0hz_2,
500,-0.1133857120585508,-176.38906734273783,-0.1133857120585508,2,Right,snr,0hz,,3.0,,/Volumes/Data/inference/2_right_snr_0hz_2.h5,2_right_snr_0hz_2,20.0
1459,0.9371719159045212,64.02240504837405,0.3123906386348404,2,Right,snr,0hz,60.0,,4.0,/Volumes/Data/inference/2_right_snr_0hz_2.h5,2_right_snr_0hz_2,
375,-0.7294111627482199,-20.56453310021215,-0.9725482169976264,2,Left,snr,0hz,15.0,,1.0,/Volumes/Data/inference/2_left_snr_0hz_3.h5,2_left_snr_0hz_3,
500,2.5362470199855016,7.885667224998585,2.5362470199855016,2,Left,snr,0hz,,1.0,,/Volumes/Data/inference/2_left_snr_0hz_3.h5,2_left_snr_0hz_3,20.0
1500,-0.1904131592784431,-315.10427234843246,-0.0634710530928143,2,Left,snr,0hz,60.0,,2.0,/Volumes/Data/inference/2_left_snr_0hz_3.h5,2_left_snr_0hz_3,
1,0.0,0.0,0.0,2,Left,snr,0hz,,2.0,,/Volumes/Data/inference/2_left_snr_0hz_3.h5,2_left_snr_0hz_3,20.0
375,-0.063803391846762,-235.09721922034825,-0.085071189129016,2,Right,snr,0hz,15.0,,1.0,/Volumes/Data/inference/2_right_snr_0hz.h5,2_right_snr_0hz,
500,0.5552776073106079,36.018020061832814,0.5552776073106079,2,Right,snr,0hz,,1.0,,/Volumes/Data/inference/2_right_snr_0hz.h5,2_right_snr_0hz,20.0
1500,0.3096553136182721,193.7638314644426,0.1032184378727573,2,Right,snr,0hz,60.0,,2.0,/Volumes/Data/inference/2_right_snr_0hz.h5,2_right_snr_0hz,
500,-0.7765602520689019,-25.7546017153418,-0.7765602520689019,2,Right,snr,0hz,,2.0,,/Volumes/Data/inference/2_right_snr_0hz.h5,2_right_snr_0hz,20.0
1500,1.3863327045977516,43.27965415589699,0.4621109015325839,2,Right,snr,0hz,60.0,,3.0,/Volumes/Data/inference/2_right_snr_0hz.h5,2_right_snr_0hz,
500,-1.9849447587569704,-10.075847154821869,-1.9849447587569704,2,Right,snr,0hz,,3.0,,/Volumes/Data/inference/2_right_snr_0hz.h5,2_right_snr_0hz,20.0
1500,-4.217128969436494,-14.22768913041267,-1.4057096564788316,2,Right,snr,0hz,60.0,,4.0,/Volumes/Data/inference/2_right_snr_0hz.h5,2_right_snr_0hz,
375,-0.221265487527369,-67.79186473057439,-0.2950206500364921,2,Right,snr,50hz,15.0,,1.0,/Volumes/Data/inference/2_right_snr_50hz.h5,2_right_snr_50hz,
500,-0.3221422446648576,-62.084375244877016,-0.3221422446648576,2,Right,snr,50hz,,1.0,,/Volumes/Data/inference/2_right_snr_50hz.h5,2_right_snr_50hz,20.0
1500,-0.9411887204266262,-63.749170275651984,-0.3137295734755421,2,Right,snr,50hz,60.0,,2.0,/Volumes/Data/inference/2_right_snr_50hz.h5,2_right_snr_50hz,
500,-0.297994732771202,-67.11528024005659,-0.297994732771202,2,Right,snr,50hz,,2.0,,/Volumes/Data/inference/2_right_snr_50hz.h5,2_right_snr_50hz,20.0
1500,-3.654636001468381,-16.417503679133254,-1.2182120004894603,2,Right,snr,50hz,60.0,,3.0,/Volumes/Data/inference/2_right_snr_50hz.h5,2_right_snr_50hz,
500,-1.2798928820354825,-15.626307701776517,-1.2798928820354825,2,Right,snr,50hz,,3.0,,/Volumes/Data/inference/2_right_snr_50hz.h5,2_right_snr_50hz,20.0
1500,0.5842268705251028,102.69982951327115,0.1947422901750342,2,Right,snr,50hz,60.0,,4.0,/Volumes/Data/inference/2_right_snr_50hz.h5,2_right_snr_50hz,
375,-0.4146715992518116,-36.17320314934606,-0.5528954656690822,2,Left,snr,50hz,15.0,,1.0,/Volumes/Data/inference/2_left_snr_50hz.h5,2_left_snr_50hz,
500,-0.9675405560257724,-20.670968131972817,-0.9675405560257724,2,Left,snr,50hz,,1.0,,/Volumes/Data/inference/2_left_snr_50hz.h5,2_left_snr_50hz,20.0
1500,-0.3372546266537323,-177.90712197286916,-0.1124182088845774,2,Left,snr,50hz,60.0,,2.0,/Volumes/Data/inference/2_left_snr_50hz.h5,2_left_snr_50hz,
500,-0.8223477595083497,-24.32061104168051,-0.8223477595083497,2,Left,snr,50hz,,2.0,,/Volumes/Data/inference/2_left_snr_50hz.h5,2_left_snr_50hz,20.0
1500,3.595418801536514,16.687902943144984,1.198472933845505,2,Left,snr,50hz,60.0,,3.0,/Volumes/Data/inference/2_left_snr_50hz.h5,2_left_snr_50hz,
500,-2.0517612649570824,-9.747722769499866,-2.0517612649570824,2,Left,snr,50hz,,3.0,,/Volumes/Data/inference/2_left_snr_50hz.h5,2_left_snr_50hz,20.0
1500,1.1740880119280612,51.10349427848202,0.3913626706426871,2,Left,snr,50hz,60.0,,4.0,/Volumes/Data/inference/2_left_snr_50hz.h5,2_left_snr_50hz,
375,1.346449097193391,11.140413723227107,1.7952654629245213,2,Left,snr,50hz,15.0,,1.0,/Volumes/Data/inference/2_left_snr_50hz_2.h5,2_left_snr_50hz_2,
500,-1.115070726378142,-17.936082014243116,-1.115070726378142,2,Left,snr,50hz,,1.0,,/Volumes/Data/inference/2_left_snr_50hz_2.h5,2_left_snr_50hz_2,20.0
1500,-1.016615173944632,-59.019382690492655,-0.3388717246482107,2,Left,snr,50hz,60.0,,2.0,/Volumes/Data/inference/2_left_snr_50hz_2.h5,2_left_snr_50hz_2,
500,-0.1365407786028889,-146.47638752791497,-0.1365407786028889,2,Left,snr,50hz,,2.0,,/Volumes/Data/inference/2_left_snr_50hz_2.h5,2_left_snr_50hz_2,20.0
1500,-0.1608672889833917,-372.9782504521134,-0.0536224296611305,2,Left,snr,50hz,60.0,,3.0,/Volumes/Data/inference/2_left_snr_50hz_2.h5,2_left_snr_50hz_2,
500,-0.2374600535200403,-84.22469254733875,-0.2374600535200403,2,Left,snr,50hz,,3.0,,/Volumes/Data/inference/2_left_snr_50hz_2.h5,2_left_snr_50hz_2,20.0
1500,1.1685456129855782,51.34587758769884,0.3895152043285261,2,Left,snr,50hz,60.0,,4.0,/Volumes/Data/inference/2_left_snr_50hz_2.h5,2_left_snr_50hz_2,
375,-0.2693154469329146,-55.69676812387386,-0.3590872625772194,2,Right,snr,50hz,15.0,,1.0,/Volumes/Data/inference/2_right_snr_50hz_2.h5,2_right_snr_50hz_2,
500,1.0706117365903591,18.680908602492245,1.0706117365903591,2,Right,snr,50hz,,1.0,,/Volumes/Data/inference/2_right_snr_50hz_2.h5,2_right_snr_50hz_2,20.0
1500,0.0284742696746183,2107.1655457939014,0.0094914232248727,2,Right,snr,50hz,60.0,,2.0,/Volumes/Data/inference/2_right_snr_50hz_2.h5,2_right_snr_50hz_2,
500,-0.4169229720062019,-47.97049177636221,-0.4169229720062019,2,Right,snr,50hz,,2.0,,/Volumes/Data/inference/2_right_snr_50hz_2.h5,2_right_snr_50hz_2,20.0
1500,0.5558691396859177,107.93907363503172,0.1852897132286392,2,Right,snr,50hz,60.0,,3.0,/Volumes/Data/inference/2_right_snr_50hz_2.h5,2_right_snr_50hz_2,
500,-0.0718201513144205,-278.4733759810981,-0.0718201513144205,2,Right,snr,50hz,,3.0,,/Volumes/Data/inference/2_right_snr_50hz_2.h5,2_right_snr_50hz_2,20.0
1500,0.9201041924371784,65.21000609840891,0.3067013974790594,2,Right,snr,50hz,60.0,,4.0,/Volumes/Data/inference/2_right_snr_50hz_2.h5,2_right_snr_50hz_2,
375,-1.5445641717208387,-9.711477369883644,-2.059418895627785,2,Left,snr,0hz,15.0,,1.0,/Volumes/Data/inference/2_left_snr_0hz.h5,2_left_snr_0hz,
500,2.3812812779703094,8.398839811585402,2.3812812779703094,2,Left,snr,0hz,,1.0,,/Volumes/Data/inference/2_left_snr_0hz.h5,2_left_snr_0hz,20.0
1500,-3.0924433207724764,-19.402134097970244,-1.030814440257492,2,Left,snr,0hz,60.0,,2.0,/Volumes/Data/inference/2_left_snr_0hz.h5,2_left_snr_0hz,
500,2.473890621768245,8.084431795009897,2.473890621768245,2,Left,snr,0hz,,2.0,,/Volumes/Data/inference/2_left_snr_0hz.h5,2_left_snr_0hz,20.0
1500,-2.4136847375902217,-24.858258854428065,-0.8045615791967407,2,Left,snr,0hz,60.0,,3.0,/Volumes/Data/inference/2_left_snr_0hz.h5,2_left_snr_0hz,
500,2.5666662370174604,7.792209096590826,2.5666662370174604,2,Left,snr,0hz,,3.0,,/Volumes/Data/inference/2_left_snr_0hz.h5,2_left_snr_0hz,20.0
1500,-0.8524408490731498,-70.38611542987104,-0.2841469496910499,2,Left,snr,0hz,60.0,,4.0,/Volumes/Data/inference/2_left_snr_0hz.h5,2_left_snr_0hz,
375,-0.3242550236119397,-46.25988468247026,-0.4323400314825862,3,Right,zi,50hz,15.0,,1.0,/Volumes/Data/inference/3_right_zi_50hz.h5,3_right_zi_50hz,
500,0.1604459116909319,124.65259967811542,0.1604459116909319,3,Right,zi,50hz,,1.0,,/Volumes/Data/inference/3_right_zi_50hz.h5,3_right_zi_50hz,20.0
1500,-0.2156669898255,-278.20669286730924,-0.0718889966085,3,Right,zi,50hz,60.0,,2.0,/Volumes/Data/inference/3_right_zi_50hz.h5,3_right_zi_50hz,
500,0.8481076975432239,23.581910714801285,0.8481076975432239,3,Right,zi,50hz,,2.0,,/Volumes/Data/inference/3_right_zi_50hz.h5,3_right_zi_50hz,20.0
1500,2.132984262710184,28.129602758420543,0.710994754236728,3,Right,zi,50hz,60.0,,3.0,/Volumes/Data/inference/3_right_zi_50hz.h5,3_right_zi_50hz,
500,-0.2789770717946666,-71.69047933344302,-0.2789770717946666,3,Right,zi,50hz,,3.0,,/Volumes/Data/inference/3_right_zi_50hz.h5,3_right_zi_50hz,20.0
1500,-1.3281933631696616,-45.17414531933306,-0.4427311210565539,3,Right,zi,50hz,60.0,,4.0,/Volumes/Data/inference/3_right_zi_50hz.h5,3_right_zi_50hz,
375,1.1212752183266694,13.377625541733805,1.495033624435559,3,Right,zi,50hz,15.0,,1.0,/Volumes/Data/inference/3_right_zi_50hz_2.h5,3_right_zi_50hz_2,
500,0.7760318017326706,25.77213969240097,0.7760318017326706,3,Right,zi,50hz,,1.0,,/Volumes/Data/inference/3_right_zi_50hz_2.h5,3_right_zi_50hz_2,20.0
1500,0.2142820367278659,280.00480542472565,0.0714273455759552,3,Right,zi,50hz,60.0,,2.0,/Volumes/Data/inference/3_right_zi_50hz_2.h5,3_right_zi_50hz_2,
500,0.7694079059252121,25.994014158133744,0.7694079059252121,3,Right,zi,50hz,,2.0,,/Volumes/Data/inference/3_right_zi_50hz_2.h5,3_right_zi_50hz_2,20.0
1500,-1.0045744430413228,-59.72678323206349,-0.334858147680441,3,Right,zi,50hz,60.0,,3.0,/Volumes/Data/inference/3_right_zi_50hz_2.h5,3_right_zi_50hz_2,
500,-2.053691200837395,-9.738562443976472,-2.053691200837395,3,Right,zi,50hz,,3.0,,/Volumes/Data/inference/3_right_zi_50hz_2.h5,3_right_zi_50hz_2,20.0
1500,-3.704833553839106,-16.19505954264138,-1.2349445179463685,3,Right,zi,50hz,60.0,,4.0,/Volumes/Data/inference/3_right_zi_50hz_2.h5,3_right_zi_50hz_2,
375,-1.8519668462420305,-8.099497045769294,-2.469289128322707,3,Left,zi,0hz,15.0,,1.0,/Volumes/Data/inference/3_left_zi_0hz.h5,3_left_zi_0hz,
500,1.399780089397646,14.287958623991008,1.399780089397646,3,Left,zi,0hz,,1.0,,/Volumes/Data/inference/3_left_zi_0hz.h5,3_left_zi_0hz,20.0
1500,3.085829460079282,19.44371870714413,1.028609820026427,3,Left,zi,0hz,60.0,,2.0,/Volumes/Data/inference/3_left_zi_0hz.h5,3_left_zi_0hz,
500,1.349978011933503,14.81505611439926,1.3499780119335032,3,Left,zi,0hz,,2.0,,/Volumes/Data/inference/3_left_zi_0hz.h5,3_left_zi_0hz,20.0
1500,-0.9944678148424556,-60.33377762909828,-0.3314892716141518,3,Left,zi,0hz,60.0,,3.0,/Volumes/Data/inference/3_left_zi_0hz.h5,3_left_zi_0hz,
500,-0.8242032233326927,-24.26585996488748,-0.8242032233326926,3,Left,zi,0hz,,3.0,,/Volumes/Data/inference/3_left_zi_0hz.h5,3_left_zi_0hz,20.0
1500,-0.9612499477808936,-62.41872900853082,-0.3204166492602979,3,Left,zi,0hz,60.0,,4.0,/Volumes/Data/inference/3_left_zi_0hz.h5,3_left_zi_0hz,
375,0.2439086821949181,61.49842582484556,0.3252115762598908,3,Left,zi,50hz,15.0,,1.0,/Volumes/Data/inference/3_left_zi_50hz_2.h5,3_left_zi_50hz_2,
500,-1.234786197150868,-16.197136027393064,-1.234786197150868,3,Left,zi,50hz,,1.0,,/Volumes/Data/inference/3_left_zi_50hz_2.h5,3_left_zi_50hz_2,20.0
1500,2.2926484861222733,26.170605901074023,0.7642161620407578,3,Left,zi,50hz,60.0,,2.0,/Volumes/Data/inference/3_left_zi_50hz_2.h5,3_left_zi_50hz_2,
500,-0.2231252314003275,-89.63576138153707,-0.2231252314003275,3,Left,zi,50hz,,2.0,,/Volumes/Data/inference/3_left_zi_50hz_2.h5,3_left_zi_50hz_2,20.0
1500,0.114209431980694,525.3506558910336,0.0380698106602313,3,Left,zi,50hz,60.0,,3.0,/Volumes/Data/inference/3_left_zi_50hz_2.h5,3_left_zi_50hz_2,
500,-2.4104181595405327,-8.297315517989768,-2.4104181595405327,3,Left,zi,50hz,,3.0,,/Volumes/Data/inference/3_left_zi_50hz_2.h5,3_left_zi_50hz_2,20.0
1500,-0.5697787791862533,-105.3040270922178,-0.1899262597287511,3,Left,zi,50hz,60.0,,4.0,/Volumes/Data/inference/3_left_zi_50hz_2.h5,3_left_zi_50hz_2,
375,1.175804357231814,12.757224369634391,1.567739142975752,3,Left,zi,50hz,15.0,,1.0,/Volumes/Data/inference/3_left_zi_50hz.h5,3_left_zi_50hz,
500,-0.876756792881216,-22.81134307984725,-0.876756792881216,3,Left,zi,50hz,,1.0,,/Volumes/Data/inference/3_left_zi_50hz.h5,3_left_zi_50hz,20.0
1500,2.253342967434022,26.6271050910304,0.7511143224780075,3,Left,zi,50hz,60.0,,2.0,/Volumes/Data/inference/3_left_zi_50hz.h5,3_left_zi_50hz,
500,0.568242578465335,35.19623618141117,0.568242578465335,3,Left,zi,50hz,,2.0,,/Volumes/Data/inference/3_left_zi_50hz.h5,3_left_zi_50hz,20.0
1500,-2.649545240068428,-22.64539555416326,-0.8831817466894759,3,Left,zi,50hz,60.0,,3.0,/Volumes/Data/inference/3_left_zi_50hz.h5,3_left_zi_50hz,
500,-1.1353003458795268,-17.616483666712732,-1.1353003458795268,3,Left,zi,50hz,,3.0,,/Volumes/Data/inference/3_left_zi_50hz.h5,3_left_zi_50hz,20.0
1500,0.6087949000845014,98.55535910644444,0.2029316333615005,3,Left,zi,50hz,60.0,,4.0,/Volumes/Data/inference/3_left_zi_50hz.h5,3_left_zi_50hz,
375,-0.0385619482028287,-388.98449635124194,-0.0514159309371049,3,Left,zi,0hz,15.0,,1.0,/Volumes/Data/inference/3_left_zi_0hz_2.h5,3_left_zi_0hz_2,
500,0.0326687177002016,612.206459510854,0.0326687177002016,3,Left,zi,0hz,,1.0,,/Volumes/Data/inference/3_left_zi_0hz_2.h5,3_left_zi_0hz_2,20.0
1500,0.2416663695831019,248.2761672776641,0.0805554565277006,3,Left,zi,0hz,60.0,,2.0,/Volumes/Data/inference/3_left_zi_0hz_2.h5,3_left_zi_0hz_2,
500,-0.2925927515974585,-68.35439323362144,-0.2925927515974585,3,Left,zi,0hz,,2.0,,/Volumes/Data/inference/3_left_zi_0hz_2.h5,3_left_zi_0hz_2,20.0
1500,1.3243619046940396,45.30483683299656,0.4414539682313465,3,Left,zi,0hz,60.0,,3.0,/Volumes/Data/inference/3_left_zi_0hz_2.h5,3_left_zi_0hz_2,
500,-0.1757272442485143,-113.8127447768765,-0.1757272442485143,3,Left,zi,0hz,,3.0,,/Volumes/Data/inference/3_left_zi_0hz_2.h5,3_left_zi_0hz_2,20.0
1500,1.6362456010815187,36.66931172211644,0.5454152003605063,3,Left,zi,0hz,60.0,,4.0,/Volumes/Data/inference/3_left_zi_0hz_2.h5,3_left_zi_0hz_2,
375,-1.4775452494547994,-10.151973352785548,-1.9700603326063992,3,Right,zi,0hz,15.0,,1.0,/Volumes/Data/inference/3_right_zi_0hz.h5,3_right_zi_0hz,
500,-0.2601314549295363,-76.88420458578354,-0.2601314549295363,3,Right,zi,0hz,,1.0,,/Volumes/Data/inference/3_right_zi_0hz.h5,3_right_zi_0hz,20.0
1500,-1.733241687575877,-34.61721491589346,-0.577747229191959,3,Right,zi,0hz,60.0,,2.0,/Volumes/Data/inference/3_right_zi_0hz.h5,3_right_zi_0hz,
500,1.5861520304655967,12.609131795600469,1.586152030465597,3,Right,zi,0hz,,2.0,,/Volumes/Data/inference/3_right_zi_0hz.h5,3_right_zi_0hz,20.0
1500,0.0118859863178416,5047.961388777301,0.0039619954392805,3,Right,zi,0hz,60.0,,3.0,/Volumes/Data/inference/3_right_zi_0hz.h5,3_right_zi_0hz,
500,-0.2223256914536163,-89.9581144636745,-0.2223256914536163,3,Right,zi,0hz,,3.0,,/Volumes/Data/inference/3_right_zi_0hz.h5,3_right_zi_0hz,20.0
1500,-0.216945026631492,-276.56775972982973,-0.072315008877164,3,Right,zi,0hz,60.0,,4.0,/Volumes/Data/inference/3_right_zi_0hz.h5,3_right_zi_0hz,
375,0.9847120350694032,15.232879731121384,1.3129493800925376,3,Right,zi,0hz,15.0,,1.0,/Volumes/Data/inference/3_right_zi_0hz_2.h5,3_right_zi_0hz_2,
500,0.9113535713679016,21.945379519367965,0.9113535713679016,3,Right,zi,0hz,,1.0,,/Volumes/Data/inference/3_right_zi_0hz_2.h5,3_right_zi_0hz_2,20.0
1500,-1.1647766215444744,-51.5120228979536,-0.3882588738481581,3,Right,zi,0hz,60.0,,2.0,/Volumes/Data/inference/3_right_zi_0hz_2.h5,3_right_zi_0hz_2,
500,-0.0717036498084732,-278.92582948597124,-0.0717036498084732,3,Right,zi,0hz,,2.0,,/Volumes/Data/inference/3_right_zi_0hz_2.h5,3_right_zi_0hz_2,20.0
1500,1.956258102824867,30.6707994785346,0.6520860342749556,3,Right,zi,0hz,60.0,,3.0,/Volumes/Data/inference/3_right_zi_0hz_2.h5,3_right_zi_0hz_2,
500,0.9496267309764578,21.060906720090863,0.9496267309764578,3,Right,zi,0hz,,3.0,,/Volumes/Data/inference/3_right_zi_0hz_2.h5,3_right_zi_0hz_2,20.0
1500,-0.7358102324257031,-81.54276382132043,-0.2452700774752343,3,Right,zi,0hz,60.0,,4.0,/Volumes/Data/inference/3_right_zi_0hz_2.h5,3_right_zi_0hz_2,
375,-1.6063448607301958,-9.337969925823682,-2.141793147640261,6,Left,snr,0hz,15.0,,1.0,/Volumes/Data/inference/6_left_snr_0hz_2.h5,6_left_snr_0hz_2,
500,0.0409528116642641,488.3669566808331,0.0409528116642641,6,Left,snr,0hz,,1.0,,/Volumes/Data/inference/6_left_snr_0hz_2.h5,6_left_snr_0hz_2,20.0
1500,-2.862348392690531,-20.96180889552777,-0.9541161308968436,6,Left,snr,0hz,60.0,,2.0,/Volumes/Data/inference/6_left_snr_0hz_2.h5,6_left_snr_0hz_2,
500,0.5209519297150258,38.391258116541614,0.5209519297150258,6,Left,snr,0hz,,2.0,,/Volumes/Data/inference/6_left_snr_0hz_2.h5,6_left_snr_0hz_2,20.0
1500,-0.860690748785484,-69.711449884486,-0.286896916261828,6,Left,snr,0hz,60.0,,3.0,/Volumes/Data/inference/6_left_snr_0hz_2.h5,6_left_snr_0hz_2,
500,-0.9110307274416064,-21.95315635090028,-0.9110307274416064,6,Left,snr,0hz,,3.0,,/Volumes/Data/inference/6_left_snr_0hz_2.h5,6_left_snr_0hz_2,20.0
1500,-1.4137961666155905,-42.43893244075681,-0.4712653888718635,6,Left,snr,0hz,60.0,,4.0,/Volumes/Data/inference/6_left_snr_0hz_2.h5,6_left_snr_0hz_2,
375,-0.1764397268824886,-85.01486748497528,-0.2352529691766514,6,Right,snr,0hz,15.0,,1.0,/Volumes/Data/inference/6_right_snr_0hz.h5,6_right_snr_0hz,
500,-0.5383835397455159,-37.14823824192997,-0.5383835397455159,6,Right,snr,0hz,,1.0,,/Volumes/Data/inference/6_right_snr_0hz.h5,6_right_snr_0hz,20.0
1500,-1.6243036512052444,-36.938906069366766,-0.5414345504017481,6,Right,snr,0hz,60.0,,2.0,/Volumes/Data/inference/6_right_snr_0hz.h5,6_right_snr_0hz,
500,-1.6230780131252422,-12.322266605959337,-1.6230780131252422,6,Right,snr,0hz,,2.0,,/Volumes/Data/inference/6_right_snr_0hz.h5,6_right_snr_0hz,20.0
1500,-3.544427163806055,-16.927982217462514,-1.181475721268685,6,Right,snr,0hz,60.0,,3.0,/Volumes/Data/inference/6_right_snr_0hz.h5,6_right_snr_0hz,
500,-0.9110451315222844,-21.95280926048261,-0.9110451315222844,6,Right,snr,0hz,,3.0,,/Volumes/Data/inference/6_right_snr_0hz.h5,6_right_snr_0hz,20.0
1500,-0.6111520021786522,-98.17524901515544,-0.2037173340595507,6,Right,snr,0hz,60.0,,4.0,/Volumes/Data/inference/6_right_snr_0hz.h5,6_right_snr_0hz,
375,-1.4278699691612164,-10.505158259481815,-1.9038266255482883,6,Left,snr,50hz,15.0,,1.0,/Volumes/Data/inference/6_left_snr_50hz_2.h5,6_left_snr_50hz_2,
500,0.1362898632037707,146.74605674889742,0.1362898632037707,6,Left,snr,50hz,,1.0,,/Volumes/Data/inference/6_left_snr_50hz_2.h5,6_left_snr_50hz_2,20.0
1500,-1.5860621693992163,-37.82953856261975,-0.5286873897997388,6,Left,snr,50hz,60.0,,2.0,/Volumes/Data/inference/6_left_snr_50hz_2.h5,6_left_snr_50hz_2,
500,-1.8605952766543128,-10.749247969694744,-1.8605952766543128,6,Left,snr,50hz,,2.0,,/Volumes/Data/inference/6_left_snr_50hz_2.h5,6_left_snr_50hz_2,20.0
1500,-3.435720179091304,-17.4635875078363,-1.1452400596971013,6,Left,snr,50hz,60.0,,3.0,/Volumes/Data/inference/6_left_snr_50hz_2.h5,6_left_snr_50hz_2,
500,-0.8418902135079932,-23.75606662139933,-0.8418902135079932,6,Left,snr,50hz,,3.0,,/Volumes/Data/inference/6_left_snr_50hz_2.h5,6_left_snr_50hz_2,20.0
1500,-7.082748378444342,-8.471287810054665,-2.360916126148114,6,Left,snr,50hz,60.0,,4.0,/Volumes/Data/inference/6_left_snr_50hz_2.h5,6_left_snr_50hz_2,
375,-0.9203791029248104,-16.297632086965592,-1.2271721372330808,6,Left,snr,0hz,15.0,,1.0,/Volumes/Data/inference/6_left_snr_0hz.h5,6_left_snr_0hz,
500,-1.2005793242275995,-16.65862437941544,-1.2005793242275995,6,Left,snr,0hz,,1.0,,/Volumes/Data/inference/6_left_snr_0hz.h5,6_left_snr_0hz,20.0
1500,-2.420680419446043,-24.786419354658392,-0.8068934731486811,6,Left,snr,0hz,60.0,,2.0,/Volumes/Data/inference/6_left_snr_0hz.h5,6_left_snr_0hz,
500,0.4995511267010756,40.03594213083963,0.4995511267010756,6,Left,snr,0hz,,2.0,,/Volumes/Data/inference/6_left_snr_0hz.h5,6_left_snr_0hz,20.0
1500,-1.4224591847466743,-42.18047213121648,-0.4741530615822247,6,Left,snr,0hz,60.0,,3.0,/Volumes/Data/inference/6_left_snr_0hz.h5,6_left_snr_0hz,
500,-0.3553536165044116,-56.281965543895645,-0.3553536165044116,6,Left,snr,0hz,,3.0,,/Volumes/Data/inference/6_left_snr_0hz.h5,6_left_snr_0hz,20.0
1500,-3.0439780329014283,-19.711048946962933,-1.014659344300476,6,Left,snr,0hz,60.0,,4.0,/Volumes/Data/inference/6_left_snr_0hz.h5,6_left_snr_0hz,
375,-1.2480780292201998,-12.018479332876336,-1.6641040389602666,6,Left,snr,50hz,15.0,,1.0,/Volumes/Data/inference/6_left_snr_50hz.h5,6_left_snr_50hz,
500,-3.739713096834152,-5.348003839366974,-3.739713096834152,6,Left,snr,50hz,,1.0,,/Volumes/Data/inference/6_left_snr_50hz.h5,6_left_snr_50hz,20.0
1500,-0.9077652633763916,-66.09638242471709,-0.3025884211254638,6,Left,snr,50hz,60.0,,2.0,/Volumes/Data/inference/6_left_snr_50hz.h5,6_left_snr_50hz,
500,-2.651111252417905,-7.544006303680884,-2.651111252417905,6,Left,snr,50hz,,2.0,,/Volumes/Data/inference/6_left_snr_50hz.h5,6_left_snr_50hz,20.0
1500,-4.297192980870052,-13.962603091623736,-1.4323976602900172,6,Left,snr,50hz,60.0,,3.0,/Volumes/Data/inference/6_left_snr_50hz.h5,6_left_snr_50hz,
500,-1.1484285600298123,-17.41510155362282,-1.1484285600298123,6,Left,snr,50hz,,3.0,,/Volumes/Data/inference/6_left_snr_50hz.h5,6_left_snr_50hz,20.0
1500,-4.480867511835437,-13.3902642382352,-1.4936225039451456,6,Left,snr,50hz,60.0,,4.0,/Volumes/Data/inference/6_left_snr_50hz.h5,6_left_snr_50hz,
375,-0.2570878288724632,-58.34581927035232,-0.3427837718299509,6,Right,snr,50hz,15.0,,1.0,/Volumes/Data/inference/6_right_snr_50hz.h5,6_right_snr_50hz,
500,-1.0961802913335157,-18.245173862476378,-1.0961802913335157,6,Right,snr,50hz,,1.0,,/Volumes/Data/inference/6_right_snr_50hz.h5,6_right_snr_50hz,20.0
1500,-2.546816922869727,-23.55881942719017,-0.848938974289909,6,Right,snr,50hz,60.0,,2.0,/Volumes/Data/inference/6_right_snr_50hz.h5,6_right_snr_50hz,
500,-2.098637106521059,-9.529994460621296,-2.098637106521059,6,Right,snr,50hz,,2.0,,/Volumes/Data/inference/6_right_snr_50hz.h5,6_right_snr_50hz,20.0
1500,-0.447759233685604,-134.00058666825672,-0.1492530778952013,6,Right,snr,50hz,60.0,,3.0,/Volumes/Data/inference/6_right_snr_50hz.h5,6_right_snr_50hz,
500,-0.6734247621653092,-29.69893761508356,-0.6734247621653091,6,Right,snr,50hz,,3.0,,/Volumes/Data/inference/6_right_snr_50hz.h5,6_right_snr_50hz,20.0
1500,-0.4748827796495448,-126.34696933899971,-0.1582942598831816,6,Right,snr,50hz,60.0,,4.0,/Volumes/Data/inference/6_right_snr_50hz.h5,6_right_snr_50hz,
375,0.0125869128978397,1191.7139748042923,0.0167825505304529,6,Right,snr,0hz,15.0,,1.0,/Volumes/Data/inference/6_right_snr_0hz_2.h5,6_right_snr_0hz_2,
500,-1.029403302120664,-19.42873114822751,-1.029403302120664,6,Right,snr,0hz,,1.0,,/Volumes/Data/inference/6_right_snr_0hz_2.h5,6_right_snr_0hz_2,20.0
1500,-2.658793243117364,-22.566628734790825,-0.8862644143724547,6,Right,snr,0hz,60.0,,2.0,/Volumes/Data/inference/6_right_snr_0hz_2.h5,6_right_snr_0hz_2,
500,1.345066228574478,14.869156310017768,1.345066228574478,6,Right,snr,0hz,,2.0,,/Volumes/Data/inference/6_right_snr_0hz_2.h5,6_right_snr_0hz_2,20.0
1500,-1.7918346770877338,-33.48523207370778,-0.5972782256959113,6,Right,snr,0hz,60.0,,3.0,/Volumes/Data/inference/6_right_snr_0hz_2.h5,6_right_snr_0hz_2,
500,-0.2212291345993991,-90.40400594711868,-0.2212291345993991,6,Right,snr,0hz,,3.0,,/Volumes/Data/inference/6_right_snr_0hz_2.h5,6_right_snr_0hz_2,20.0
1500,-2.0926237816866884,-28.67213902713035,-0.6975412605622294,6,Right,snr,0hz,60.0,,4.0,/Volumes/Data/inference/6_right_snr_0hz_2.h5,6_right_snr_0hz_2,
375,0.1937248006391505,77.4294254040316,0.258299734185534,6,Right,snr,50hz,15.0,,1.0,/Volumes/Data/inference/6_right_snr_50hz_2.h5,6_right_snr_50hz_2,
500,-0.1543890654740586,-129.54285291247209,-0.1543890654740586,6,Right,snr,50hz,,1.0,,/Volumes/Data/inference/6_right_snr_50hz_2.h5,6_right_snr_50hz_2,20.0
1500,-3.3687175896184294,-17.810932024965656,-1.122905863206143,6,Right,snr,50hz,60.0,,2.0,/Volumes/Data/inference/6_right_snr_50hz_2.h5,6_right_snr_50hz_2,
500,0.9386134207853356,21.30802687997584,0.9386134207853356,6,Right,snr,50hz,,2.0,,/Volumes/Data/inference/6_right_snr_50hz_2.h5,6_right_snr_50hz_2,20.0
1500,-0.3933590652939521,-152.5323941756949,-0.1311196884313173,6,Right,snr,50hz,60.0,,3.0,/Volumes/Data/inference/6_right_snr_50hz_2.h5,6_right_snr_50hz_2,
500,-0.7617019430975598,-26.256989602346824,-0.7617019430975598,6,Right,snr,50hz,,3.0,,/Volumes/Data/inference/6_right_snr_50hz_2.h5,6_right_snr_50hz_2,20.0
1500,-2.233780987688625,-26.86028770532432,-0.7445936625628752,6,Right,snr,50hz,60.0,,4.0,/Volumes/Data/inference/6_right_snr_50hz_2.h5,6_right_snr_50hz_2,
375,-1.2408383667507423,-12.088601063552682,-1.6544511556676569,8,Right,snr,0hz,15.0,,1.0,/Volumes/Data/inference/8_right_snr_0hz.h5,8_right_snr_0hz,
500,-1.2422081612988625,-16.100361133586375,-1.2422081612988625,8,Right,snr,0hz,,1.0,,/Volumes/Data/inference/8_right_snr_0hz.h5,8_right_snr_0hz,20.0
1500,-0.1684475261873513,-356.19401102552604,-0.0561491753957837,8,Right,snr,0hz,60.0,,2.0,/Volumes/Data/inference/8_right_snr_0hz.h5,8_right_snr_0hz,
500,-1.4023300053813943,-14.261978224277216,-1.4023300053813943,8,Right,snr,0hz,,2.0,,/Volumes/Data/inference/8_right_snr_0hz.h5,8_right_snr_0hz,20.0
1500,-2.039580717979882,-29.41781096039555,-0.6798602393266274,8,Right,snr,0hz,60.0,,3.0,/Volumes/Data/inference/8_right_snr_0hz.h5,8_right_snr_0hz,
500,-1.0409086021998062,-19.2139828201371,-1.0409086021998062,8,Right,snr,0hz,,3.0,,/Volumes/Data/inference/8_right_snr_0hz.h5,8_right_snr_0hz,20.0
1500,2.784252938221914,21.54976625015877,0.928084312740638,8,Right,snr,0hz,60.0,,4.0,/Volumes/Data/inference/8_right_snr_0hz.h5,8_right_snr_0hz,
375,-0.1944031923001079,-77.15922677259283,-0.2592042564001439,8,Right,snr,50hz,15.0,,1.0,/Volumes/Data/inference/8_right_snr_50hz.h5,8_right_snr_50hz,
500,0.0683739269175298,292.50916104501755,0.0683739269175298,8,Right,snr,50hz,,1.0,,/Volumes/Data/inference/8_right_snr_50hz.h5,8_right_snr_50hz,20.0
1500,-2.850707366294764,-21.04740763973456,-0.9502357887649212,8,Right,snr,50hz,60.0,,2.0,/Volumes/Data/inference/8_right_snr_50hz.h5,8_right_snr_50hz,
500,-1.7824376976815317,-11.220588537829164,-1.7824376976815317,8,Right,snr,50hz,,2.0,,/Volumes/Data/inference/8_right_snr_50hz.h5,8_right_snr_50hz,20.0
1500,1.2323384950620284,48.68792157383671,0.4107794983540094,8,Right,snr,50hz,60.0,,3.0,/Volumes/Data/inference/8_right_snr_50hz.h5,8_right_snr_50hz,
500,0.4559359435007541,43.86581116293789,0.4559359435007541,8,Right,snr,50hz,,3.0,,/Volumes/Data/inference/8_right_snr_50hz.h5,8_right_snr_50hz,20.0
1500,0.4420226479945962,135.73965106134904,0.1473408826648654,8,Right,snr,50hz,60.0,,4.0,/Volumes/Data/inference/8_right_snr_50hz.h5,8_right_snr_50hz,
375,-0.5492888723070277,-27.30803545500495,-0.732385163076037,8,Left,snr,0hz,15.0,,1.0,/Volumes/Data/inference/8_left_snr_0hz.h5,8_left_snr_0hz,
500,-0.4097308374921115,-48.812532936052335,-0.4097308374921115,8,Left,snr,0hz,,1.0,,/Volumes/Data/inference/8_left_snr_0hz.h5,8_left_snr_0hz,20.0
1500,1.2600327418900552,47.61781024039082,0.4200109139633517,8,Left,snr,0hz,60.0,,2.0,/Volumes/Data/inference/8_left_snr_0hz.h5,8_left_snr_0hz,
500,1.3613298341329931,14.691516705602538,1.3613298341329934,8,Left,snr,0hz,,2.0,,/Volumes/Data/inference/8_left_snr_0hz.h5,8_left_snr_0hz,20.0
1500,3.060878205834962,19.60221739160408,1.0202927352783209,8,Left,snr,0hz,60.0,,3.0,/Volumes/Data/inference/8_left_snr_0hz.h5,8_left_snr_0hz,
500,1.4545953822704345,13.749528043174864,1.4545953822704345,8,Left,snr,0hz,,3.0,,/Volumes/Data/inference/8_left_snr_0hz.h5,8_left_snr_0hz,20.0
1500,-0.1299908655772986,-461.5708937203839,-0.0433302885257662,8,Left,snr,0hz,60.0,,4.0,/Volumes/Data/inference/8_left_snr_0hz.h5,8_left_snr_0hz,
375,0.8967215346321938,16.727600956023114,1.195628712842925,8,Left,snr,50hz,15.0,,1.0,/Volumes/Data/inference/8_left_snr_50hz_2.h5,8_left_snr_50hz_2,
500,0.4910830489662268,40.72630900639264,0.4910830489662268,8,Left,snr,50hz,,1.0,,/Volumes/Data/inference/8_left_snr_50hz_2.h5,8_left_snr_50hz_2,20.0
1500,-0.0944944635591334,-634.9578349894834,-0.0314981545197111,8,Left,snr,50hz,60.0,,2.0,/Volumes/Data/inference/8_left_snr_50hz_2.h5,8_left_snr_50hz_2,
500,0.4458776591974944,44.85535345277597,0.4458776591974944,8,Left,snr,50hz,,2.0,,/Volumes/Data/inference/8_left_snr_50hz_2.h5,8_left_snr_50hz_2,20.0
1500,2.0408232920296845,29.39989965536285,0.6802744306765616,8,Left,snr,50hz,60.0,,3.0,/Volumes/Data/inference/8_left_snr_50hz_2.h5,8_left_snr_50hz_2,
500,0.256225581956058,78.05621845920889,0.256225581956058,8,Left,snr,50hz,,3.0,,/Volumes/Data/inference/8_left_snr_50hz_2.h5,8_left_snr_50hz_2,20.0
1500,-0.1465391610702655,-409.4468643179279,-0.0488463870234218,8,Left,snr,50hz,60.0,,4.0,/Volumes/Data/inference/8_left_snr_50hz_2.h5,8_left_snr_50hz_2,
375,-0.2884964991479585,-51.99369851731576,-0.3846619988639447,8,Right,snr,0hz,15.0,,1.0,/Volumes/Data/inference/8_right_snr_0hz_2.h5,8_right_snr_0hz_2,
500,-2.640122256348295,-7.57540676455762,-2.640122256348296,8,Right,snr,0hz,,1.0,,/Volumes/Data/inference/8_right_snr_0hz_2.h5,8_right_snr_0hz_2,20.0
1500,-2.0915494933629386,-28.68686597682555,-0.6971831644543129,8,Right,snr,0hz,60.0,,2.0,/Volumes/Data/inference/8_right_snr_0hz_2.h5,8_right_snr_0hz_2,
500,-1.7047318422866269,-11.732050463240704,-1.7047318422866269,8,Right,snr,0hz,,2.0,,/Volumes/Data/inference/8_right_snr_0hz_2.h5,8_right_snr_0hz_2,20.0
1500,1.242798435455459,48.27814252760245,0.4142661451518197,8,Right,snr,0hz,60.0,,3.0,/Volumes/Data/inference/8_right_snr_0hz_2.h5,8_right_snr_0hz_2,
500,-1.830569754682486,-10.925560169909517,-1.830569754682486,8,Right,snr,0hz,,3.0,,/Volumes/Data/inference/8_right_snr_0hz_2.h5,8_right_snr_0hz_2,20.0
1500,-2.5770144418557126,-23.28275659828817,-0.8590048139519042,8,Right,snr,0hz,60.0,,4.0,/Volumes/Data/inference/8_right_snr_0hz_2.h5,8_right_snr_0hz_2,
375,-0.0624669034535194,-240.1271580743752,-0.0832892046046926,8,Left,snr,0hz,15.0,,1.0,/Volumes/Data/inference/8_left_snr_0hz_2.h5,8_left_snr_0hz_2,
500,0.974276849680233,20.52804601337309,0.974276849680233,8,Left,snr,0hz,,1.0,,/Volumes/Data/inference/8_left_snr_0hz_2.h5,8_left_snr_0hz_2,20.0
1500,2.822897253930666,21.25475871162319,0.940965751310222,8,Left,snr,0hz,60.0,,2.0,/Volumes/Data/inference/8_left_snr_0hz_2.h5,8_left_snr_0hz_2,
500,-0.5720088626789417,-34.96449321839554,-0.5720088626789417,8,Left,snr,0hz,,2.0,,/Volumes/Data/inference/8_left_snr_0hz_2.h5,8_left_snr_0hz_2,20.0
1500,0.0036305373547379,16526.47917854298,0.0012101791182459,8,Left,snr,0hz,60.0,,3.0,/Volumes/Data/inference/8_left_snr_0hz_2.h5,8_left_snr_0hz_2,
500,1.364056029538119,14.662154315444193,1.364056029538119,8,Left,snr,0hz,,3.0,,/Volumes/Data/inference/8_left_snr_0hz_2.h5,8_left_snr_0hz_2,20.0
1500,0.406944650774359,147.44019828207192,0.1356482169247863,8,Left,snr,0hz,60.0,,4.0,/Volumes/Data/inference/8_left_snr_0hz_2.h5,8_left_snr_0hz_2,
375,0.3207658946089137,46.76307628742264,0.4276878594785516,8,Right,snr,50hz,15.0,,1.0,/Volumes/Data/inference/8_right_snr_50hz_2.h5,8_right_snr_50hz_2,
500,-0.2515973105620837,-79.49210567998038,-0.2515973105620837,8,Right,snr,50hz,,1.0,,/Volumes/Data/inference/8_right_snr_50hz_2.h5,8_right_snr_50hz_2,20.0
1500,0.8285206471289218,72.41823146824211,0.2761735490429739,8,Right,snr,50hz,60.0,,2.0,/Volumes/Data/inference/8_right_snr_50hz_2.h5,8_right_snr_50hz_2,
500,-1.8387502611465047,-10.87695290796561,-1.8387502611465047,8,Right,snr,50hz,,2.0,,/Volumes/Data/inference/8_right_snr_50hz_2.h5,8_right_snr_50hz_2,20.0
1500,-1.469576932416772,-40.82807689511555,-0.4898589774722573,8,Right,snr,50hz,60.0,,3.0,/Volumes/Data/inference/8_right_snr_50hz_2.h5,8_right_snr_50hz_2,
500,0.9096622615965836,21.986181953835505,0.9096622615965836,8,Right,snr,50hz,,3.0,,/Volumes/Data/inference/8_right_snr_50hz_2.h5,8_right_snr_50hz_2,20.0
1500,-0.8230549038267966,-72.8991464858903,-0.2743516346089322,8,Right,snr,50hz,60.0,,4.0,/Volumes/Data/inference/8_right_snr_50hz_2.h5,8_right_snr_50hz_2,
375,-0.0356542394688197,-420.7073330821645,-0.0475389859584263,8,Left,snr,50hz,15.0,,1.0,/Volumes/Data/inference/8_left_snr_50hz.h5,8_left_snr_50hz,
500,-1.815606839176913,-11.01560071731543,-1.815606839176913,8,Left,snr,50hz,,1.0,,/Volumes/Data/inference/8_left_snr_50hz.h5,8_left_snr_50hz,20.0
1500,-0.4402098332248877,-136.298636403581,-0.1467366110749625,8,Left,snr,50hz,60.0,,2.0,/Volumes/Data/inference/8_left_snr_50hz.h5,8_left_snr_50hz,
500,1.4252859483736289,14.032271926080297,1.4252859483736289,8,Left,snr,50hz,,2.0,,/Volumes/Data/inference/8_left_snr_50hz.h5,8_left_snr_50hz,20.0
1500,1.0822080252160078,55.44220575154583,0.3607360084053359,8,Left,snr,50hz,60.0,,3.0,/Volumes/Data/inference/8_left_snr_50hz.h5,8_left_snr_50hz,
500,-0.7884728077191984,-25.36549111674968,-0.7884728077191984,8,Left,snr,50hz,,3.0,,/Volumes/Data/inference/8_left_snr_50hz.h5,8_left_snr_50hz,20.0
1500,-0.0129488753712041,-4633.607033814595,-0.0043162917904013,8,Left,snr,50hz,60.0,,4.0,/Volumes/Data/inference/8_left_snr_50hz.h5,8_left_snr_50hz,
375,0.5734299974171969,26.15838039091423,0.7645733298895958,12,Right,snr,0hz,15.0,,1.0,/Volumes/Data/inference/12_right_snr_0hz_2.h5,12_right_snr_0hz_2,
500,-1.5011127091626697,-13.323449916799474,-1.5011127091626697,12,Right,snr,0hz,,1.0,,/Volumes/Data/inference/12_right_snr_0hz_2.h5,12_right_snr_0hz_2,20.0
1500,-1.592631488619158,-37.67349850154046,-0.5308771628730526,12,Right,snr,0hz,60.0,,2.0,/Volumes/Data/inference/12_right_snr_0hz_2.h5,12_right_snr_0hz_2,
500,-2.2561401311673897,-8.864697597330288,-2.2561401311673897,12,Right,snr,0hz,,2.0,,/Volumes/Data/inference/12_right_snr_0hz_2.h5,12_right_snr_0hz_2,20.0
1500,-2.2172696670945737,-27.060307950102317,-0.7390898890315246,12,Right,snr,0hz,60.0,,3.0,/Volumes/Data/inference/12_right_snr_0hz_2.h5,12_right_snr_0hz_2,
500,-3.016626505187804,-6.629922519610983,-3.016626505187804,12,Right,snr,0hz,,3.0,,/Volumes/Data/inference/12_right_snr_0hz_2.h5,12_right_snr_0hz_2,20.0
1500,-1.440728752085234,-41.645590756177526,-0.4802429173617446,12,Right,snr,0hz,60.0,,4.0,/Volumes/Data/inference/12_right_snr_0hz_2.h5,12_right_snr_0hz_2,
375,0.7334892156511019,20.450198421369887,0.977985620868136,12,Right,snr,50hz,15.0,,1.0,/Volumes/Data/inference/12_right_snr_50hz.h5,12_right_snr_50hz,
500,-1.2457133820142985,-16.055057518656756,-1.2457133820142985,12,Right,snr,50hz,,1.0,,/Volumes/Data/inference/12_right_snr_50hz.h5,12_right_snr_50hz,20.0
1500,-1.861248253320116,-32.2364305207386,-0.6204160844400387,12,Right,snr,50hz,60.0,,2.0,/Volumes/Data/inference/12_right_snr_50hz.h5,12_right_snr_50hz,
500,-0.936486637710254,-21.3564179077886,-0.936486637710254,12,Right,snr,50hz,,2.0,,/Volumes/Data/inference/12_right_snr_50hz.h5,12_right_snr_50hz,20.0
1500,0.5980960075314838,100.3183422802594,0.1993653358438279,12,Right,snr,50hz,60.0,,3.0,/Volumes/Data/inference/12_right_snr_50hz.h5,12_right_snr_50hz,
500,-0.4720827570340353,-42.36545330664996,-0.4720827570340353,12,Right,snr,50hz,,3.0,,/Volumes/Data/inference/12_right_snr_50hz.h5,12_right_snr_50hz,20.0
1500,-2.780117393728629,-21.58182245661554,-0.9267057979095432,12,Right,snr,50hz,60.0,,4.0,/Volumes/Data/inference/12_right_snr_50hz.h5,12_right_snr_50hz,
375,-1.6918068556775236,-8.86626032378436,-2.2557424742366985,12,Right,snr,0hz,15.0,,1.0,/Volumes/Data/inference/12_right_snr_0hz.h5,12_right_snr_0hz,
500,-1.215541555821374,-16.453571582326912,-1.215541555821374,12,Right,snr,0hz,,1.0,,/Volumes/Data/inference/12_right_snr_0hz.h5,12_right_snr_0hz,20.0
1500,-3.113040095508059,-19.27376396037321,-1.0376800318360195,12,Right,snr,0hz,60.0,,2.0,/Volumes/Data/inference/12_right_snr_0hz.h5,12_right_snr_0hz,
500,-1.860712247699798,-10.748572233414322,-1.860712247699798,12,Right,snr,0hz,,2.0,,/Volumes/Data/inference/12_right_snr_0hz.h5,12_right_snr_0hz,20.0
1500,-4.517832752933281,-13.280704107748114,-1.5059442509777603,12,Right,snr,0hz,60.0,,3.0,/Volumes/Data/inference/12_right_snr_0hz.h5,12_right_snr_0hz,
500,-1.314682835384556,-15.212794646512464,-1.3146828353845557,12,Right,snr,0hz,,3.0,,/Volumes/Data/inference/12_right_snr_0hz.h5,12_right_snr_0hz,20.0
1500,-1.9374649884643584,-30.9683015472482,-0.6458216628214528,12,Right,snr,0hz,60.0,,4.0,/Volumes/Data/inference/12_right_snr_0hz.h5,12_right_snr_0hz,
375,-1.7642348460586283,-8.502269430575302,-2.3523131280781717,12,Left,snr,50hz,15.0,,1.0,/Volumes/Data/inference/12_left_snr_50hz.h5,12_left_snr_50hz,
500,-1.7502915068996023,-11.42666802710322,-1.750291506899602,12,Left,snr,50hz,,1.0,,/Volumes/Data/inference/12_left_snr_50hz.h5,12_left_snr_50hz,20.0
1500,-0.6337527573683923,-94.67414429744686,-0.2112509191227974,12,Left,snr,50hz,60.0,,2.0,/Volumes/Data/inference/12_left_snr_50hz.h5,12_left_snr_50hz,
500,-0.4658786540629494,-42.92963376960732,-0.4658786540629494,12,Left,snr,50hz,,2.0,,/Volumes/Data/inference/12_left_snr_50hz.h5,12_left_snr_50hz,20.0
1500,-2.125433035919205,-28.229541456266706,-0.708477678639735,12,Left,snr,50hz,60.0,,3.0,/Volumes/Data/inference/12_left_snr_50hz.h5,12_left_snr_50hz,
500,0.6596589229306727,30.3186985042904,0.6596589229306727,12,Left,snr,50hz,,3.0,,/Volumes/Data/inference/12_left_snr_50hz.h5,12_left_snr_50hz,20.0
1500,-1.1643360900735686,-51.53151268909727,-0.3881120300245229,12,Left,snr,50hz,60.0,,4.0,/Volumes/Data/inference/12_left_snr_50hz.h5,12_left_snr_50hz,
375,-1.059920679933101,-14.152002394128926,-1.4132275732441344,12,Right,snr,50hz,15.0,,1.0,/Volumes/Data/inference/12_right_snr_50hz_2.h5,12_right_snr_50hz_2,
500,0.4967569508985692,40.26113769283465,0.4967569508985692,12,Right,snr,50hz,,1.0,,/Volumes/Data/inference/12_right_snr_50hz_2.h5,12_right_snr_50hz_2,20.0
1500,-1.910407076064312,-31.406918845593804,-0.636802358688104,12,Right,snr,50hz,60.0,,2.0,/Volumes/Data/inference/12_right_snr_50hz_2.h5,12_right_snr_50hz_2,
500,1.2615115922566809,15.853996208011525,1.2615115922566809,12,Right,snr,50hz,,2.0,,/Volumes/Data/inference/12_right_snr_50hz_2.h5,12_right_snr_50hz_2,20.0
1500,3.240579743730809,18.51520553261353,1.0801932479102696,12,Right,snr,50hz,60.0,,3.0,/Volumes/Data/inference/12_right_snr_50hz_2.h5,12_right_snr_50hz_2,
500,-1.5414589110392942,-12.974721451715794,-1.5414589110392942,12,Right,snr,50hz,,3.0,,/Volumes/Data/inference/12_right_snr_50hz_2.h5,12_right_snr_50hz_2,20.0
1500,-2.051075614583058,-29.25294395457808,-0.6836918715276861,12,Right,snr,50hz,60.0,,4.0,/Volumes/Data/inference/12_right_snr_50hz_2.h5,12_right_snr_50hz_2,
375,0.185172750254191,81.00543940406536,0.2468970003389213,12,Left,snr,0hz,15.0,,1.0,/Volumes/Data/inference/12_left_snr_0hz_2.h5,12_left_snr_0hz_2,
500,1.4339107734821757,13.947869260673082,1.4339107734821757,12,Left,snr,0hz,,1.0,,/Volumes/Data/inference/12_left_snr_0hz_2.h5,12_left_snr_0hz_2,20.0
1500,-2.234555034815479,-26.85098333456557,-0.7448516782718263,12,Left,snr,0hz,60.0,,2.0,/Volumes/Data/inference/12_left_snr_0hz_2.h5,12_left_snr_0hz_2,
500,2.2263265485951838,8.983408122505677,2.2263265485951838,12,Left,snr,0hz,,2.0,,/Volumes/Data/inference/12_left_snr_0hz_2.h5,12_left_snr_0hz_2,20.0
1500,-1.8769537493797737,-31.966690718845136,-0.625651249793258,12,Left,snr,0hz,60.0,,3.0,/Volumes/Data/inference/12_left_snr_0hz_2.h5,12_left_snr_0hz_2,
500,-0.2304981129359804,-86.76860623824233,-0.2304981129359804,12,Left,snr,0hz,,3.0,,/Volumes/Data/inference/12_left_snr_0hz_2.h5,12_left_snr_0hz_2,20.0
1500,-3.2604031905433954,-18.40263197325607,-1.0868010635144651,12,Left,snr,0hz,60.0,,4.0,/Volumes/Data/inference/12_left_snr_0hz_2.h5,12_left_snr_0hz_2,
375,-0.1416203198816266,-105.9170040890866,-0.1888270931755021,12,Left,snr,0hz,15.0,,1.0,/Volumes/Data/inference/12_left_snr_0hz.h5,12_left_snr_0hz,
500,1.6439858139408647,12.165555098104644,1.6439858139408647,12,Left,snr,0hz,,1.0,,/Volumes/Data/inference/12_left_snr_0hz.h5,12_left_snr_0hz,20.0
1500,-3.106008530513616,-19.317397042073893,-1.035336176837872,12,Left,snr,0hz,60.0,,2.0,/Volumes/Data/inference/12_left_snr_0hz.h5,12_left_snr_0hz,
500,0.8917739497510611,22.427208156935965,0.8917739497510611,12,Left,snr,0hz,,2.0,,/Volumes/Data/inference/12_left_snr_0hz.h5,12_left_snr_0hz,20.0
1500,-1.4800928714733628,-40.53799674088885,-0.4933642904911209,12,Left,snr,0hz,60.0,,3.0,/Volumes/Data/inference/12_left_snr_0hz.h5,12_left_snr_0hz,
500,2.520693702729924,7.934323784892984,2.520693702729924,12,Left,snr,0hz,,3.0,,/Volumes/Data/inference/12_left_snr_0hz.h5,12_left_snr_0hz,20.0
1500,-1.5731987103971468,-38.13885658783262,-0.5243995701323823,12,Left,snr,0hz,60.0,,4.0,/Volumes/Data/inference/12_left_snr_0hz.h5,12_left_snr_0hz,
375,-0.6205057591227682,-24.17382881539416,-0.8273410121636909,12,Left,snr,50hz,15.0,,1.0,/Volumes/Data/inference/12_left_snr_50hz_2.h5,12_left_snr_50hz_2,
500,-0.0626359904211417,-319.30524073343844,-0.0626359904211417,12,Left,snr,50hz,,1.0,,/Volumes/Data/inference/12_left_snr_50hz_2.h5,12_left_snr_50hz_2,20.0
1500,-3.8601751939379967,-15.543335984911709,-1.286725064645999,12,Left,snr,50hz,60.0,,2.0,/Volumes/Data/inference/12_left_snr_50hz_2.h5,12_left_snr_50hz_2,
500,0.6098024581344642,32.79750636162557,0.6098024581344642,12,Left,snr,50hz,,2.0,,/Volumes/Data/inference/12_left_snr_50hz_2.h5,12_left_snr_50hz_2,20.0
1500,0.9174324416938048,65.39991096153665,0.3058108138979349,12,Left,snr,50hz,60.0,,3.0,/Volumes/Data/inference/12_left_snr_50hz_2.h5,12_left_snr_50hz_2,
500,2.264629060976016,8.831468404534359,2.264629060976016,12,Left,snr,50hz,,3.0,,/Volumes/Data/inference/12_left_snr_50hz_2.h5,12_left_snr_50hz_2,20.0
1500,-1.0979190173235414,-54.64883935271051,-0.3659730057745137,12,Left,snr,50hz,60.0,,4.0,/Volumes/Data/inference/12_left_snr_50hz_2.h5,12_left_snr_50hz_2,
375,0.8892640518520725,16.867880770351015,1.1856854024694299,5,Left,snr,ctr,15.0,,1.0,/Volumes/Data/inference/5_left_snr_ctr.h5,5_left_snr_ctr,
500,1.080567776184043,18.508788102703505,1.080567776184043,5,Left,snr,ctr,,1,,/Volumes/Data/inference/5_left_snr_ctr.h5,5_left_snr_ctr,20.0
1500,2.5580762984327317,23.455125258289,0.8526920994775772,5,Left,snr,ctr,60.0,,2,/Volumes/Data/inference/5_left_snr_ctr.h5,5_left_snr_ctr,
500,0.14120981380353267,141.63321557683165,0.14120981380353267,5,Left,snr,ctr,,2,,/Volumes/Data/inference/5_left_snr_ctr.h5,5_left_snr_ctr,20.0
1500,0.19210061082716362,312.3363311633771,0.06403353694238788,5,Left,snr,ctr,60.0,,3,/Volumes/Data/inference/5_left_snr_ctr.h5,5_left_snr_ctr,
500,-0.17175898315999222,-116.4422356958771,-0.17175898315999222,5,Left,snr,ctr,,3,,/Volumes/Data/inference/5_left_snr_ctr.h5,5_left_snr_ctr,20.0
1500,2.5221187401544123,23.789522295182106,0.8407062467181374,5,Left,snr,ctr,60.0,,4,/Volumes/Data/inference/5_left_snr_ctr.h5,5_left_snr_ctr,
375,-0.8366858108590915,-17.927876635792728,-1.1155810811454554,5,Left,snr,50hz,15.0,,1,/Volumes/Data/inference/5_left_snr_50hz.h5,5_left_snr_50hz,
500,-0.9168848952957279,-21.812988852378563,-0.9168848952957278,5,Left,snr,50hz,,1,,/Volumes/Data/inference/5_left_snr_50hz.h5,5_left_snr_50hz,20.0
1500,-1.6277854479998226,-36.85989457254722,-0.5425951493332741,5,Left,snr,50hz,60.0,,2,/Volumes/Data/inference/5_left_snr_50hz.h5,5_left_snr_50hz,
500,0.4878267260741003,40.99816375571441,0.4878267260741003,5,Left,snr,50hz,,2,,/Volumes/Data/inference/5_left_snr_50hz.h5,5_left_snr_50hz,20.0
1500,-1.7473433020052684,-34.33784301639146,-0.5824477673350894,5,Left,snr,50hz,60.0,,3,/Volumes/Data/inference/5_left_snr_50hz.h5,5_left_snr_50hz,
500,-0.033232354087646146,-601.8231494299959,-0.033232354087646146,5,Left,snr,50hz,,3,,/Volumes/Data/inference/5_left_snr_50hz.h5,5_left_snr_50hz,20.0
1500,-0.07744606570884811,-774.732705281181,-0.025815355236282703,5,Left,snr,50hz,60.0,,4,/Volumes/Data/inference/5_left_snr_50hz.h5,5_left_snr_50hz,
375,-0.08518521741053581,-176.0868899084923,-0.11358028988071442,5,Left,snr,50hz,15.0,,1,/Volumes/Data/inference/5_left_snr_50hz_2.h5,5_left_snr_50hz_2,
500,0.5545935696163797,36.06244481672278,0.5545935696163797,5,Left,snr,50hz,,1,,/Volumes/Data/inference/5_left_snr_50hz_2.h5,5_left_snr_50hz_2,20.0
1500,2.0039927149262353,29.940228601184575,0.6679975716420784,5,Left,snr,50hz,60.0,,2,/Volumes/Data/inference/5_left_snr_50hz_2.h5,5_left_snr_50hz_2,
500,0.023004726424404705,869.3865613104131,0.023004726424404705,5,Left,snr,50hz,,2,,/Volumes/Data/inference/5_left_snr_50hz_2.h5,5_left_snr_50hz_2,20.0
1500,1.1794765046623072,50.87002561121677,0.39315883488743575,5,Left,snr,50hz,60.0,,3,/Volumes/Data/inference/5_left_snr_50hz_2.h5,5_left_snr_50hz_2,
500,0.3400649241494668,58.81229900443808,0.3400649241494668,5,Left,snr,50hz,,3,,/Volumes/Data/inference/5_left_snr_50hz_2.h5,5_left_snr_50hz_2,20.0
1500,0.9457077153088684,63.44454954605502,0.3152359051029562,5,Left,snr,50hz,60.0,,4,/Volumes/Data/inference/5_left_snr_50hz_2.h5,5_left_snr_50hz_2,
375,-1.0957596590241736,-13.689133266101635,-1.4610128786988983,10,Left,snr,50hz,15.0,,1,/Volumes/Data/inference/10_left_snr_50hz.h5,10_left_snr_50hz,
500,-0.7687009066835617,-26.01792169894378,-0.7687009066835617,10,Left,snr,50hz,,1,,/Volumes/Data/inference/10_left_snr_50hz.h5,10_left_snr_50hz,20.0
1500,-1.8364037910689854,-32.672552894847556,-0.6121345970229951,10,Left,snr,50hz,60.0,,2,/Volumes/Data/inference/10_left_snr_50hz.h5,10_left_snr_50hz,
500,0.2224722528974916,89.89885138267283,0.22247225289749156,10,Left,snr,50hz,,2,,/Volumes/Data/inference/10_left_snr_50hz.h5,10_left_snr_50hz,20.0
1500,-0.4985321888561925,-120.35331186469828,-0.16617739628539752,10,Left,snr,50hz,60.0,,3,/Volumes/Data/inference/10_left_snr_50hz.h5,10_left_snr_50hz,
500,-0.5666287301816477,-35.29648063130946,-0.5666287301816477,10,Left,snr,50hz,,3,,/Volumes/Data/inference/10_left_snr_50hz.h5,10_left_snr_50hz,20.0
1500,-0.9957464414635779,-60.25630371504035,-0.3319154804878593,10,Left,snr,50hz,60.0,,4,/Volumes/Data/inference/10_left_snr_50hz.h5,10_left_snr_50hz,
375,0.4391158628141799,34.15954938149782,0.5854878170855733,10,Right,snr,50hz,15.0,,1,/Volumes/Data/inference/10_right_snr_50hz.h5,10_right_snr_50hz,
500,0.23492352548476705,85.13408760884973,0.23492352548476705,10,Right,snr,50hz,,1,,/Volumes/Data/inference/10_right_snr_50hz.h5,10_right_snr_50hz,20.0
1500,-0.830815534836525,-72.21819704154409,-0.276938511612175,10,Right,snr,50hz,60.0,,2,/Volumes/Data/inference/10_right_snr_50hz.h5,10_right_snr_50hz,
500,-1.668320638202095,-11.988103211115023,-1.6683206382020948,10,Right,snr,50hz,,2,,/Volumes/Data/inference/10_right_snr_50hz.h5,10_right_snr_50hz,20.0
1500,0.06642360698379338,903.2933127922327,0.022141202327931125,10,Right,snr,50hz,60.0,,3,/Volumes/Data/inference/10_right_snr_50hz.h5,10_right_snr_50hz,
500,-0.5483307780448822,-36.4743341078019,-0.5483307780448822,10,Right,snr,50hz,,3,,/Volumes/Data/inference/10_right_snr_50hz.h5,10_right_snr_50hz,20.0
1500,0.21250162580064477,282.35078095961535,0.07083387526688159,10,Right,snr,50hz,60.0,,4,/Volumes/Data/inference/10_right_snr_50hz.h5,10_right_snr_50hz,
375,0.5954440516454853,25.19128364545437,0.7939254021939803,10,Left,snr,0hz,15.0,,1,/Volumes/Data/inference/10_left_snr_0hz.h5,10_left_snr_0hz,
500,-0.4458712258938999,-44.85600065333489,-0.4458712258938999,10,Left,snr,0hz,,1,,/Volumes/Data/inference/10_left_snr_0hz.h5,10_left_snr_0hz,20.0
1500,-2.6401977400589653,-22.72557054709848,-0.8800659133529884,10,Left,snr,0hz,60.0,,2,/Volumes/Data/inference/10_left_snr_0hz.h5,10_left_snr_0hz,
500,-1.295320924145558,-15.440189089196366,-1.295320924145558,10,Left,snr,0hz,,2,,/Volumes/Data/inference/10_left_snr_0hz.h5,10_left_snr_0hz,20.0
1500,-3.7431488236145207,-16.029285189377486,-1.2477162745381736,10,Left,snr,0hz,60.0,,3,/Volumes/Data/inference/10_left_snr_0hz.h5,10_left_snr_0hz,
500,-0.1815644694849459,-110.15371045191343,-0.18156446948494587,10,Left,snr,0hz,,3,,/Volumes/Data/inference/10_left_snr_0hz.h5,10_left_snr_0hz,20.0
1500,-1.2821542553951848,-46.796241362944926,-0.42738475179839497,10,Left,snr,0hz,60.0,,4,/Volumes/Data/inference/10_left_snr_0hz.h5,10_left_snr_0hz,
375,0.12582535135453815,119.21286003592785,0.1677671351393842,10,Right,snr,ctr,15.0,,1,/Volumes/Data/inference/10_right_snr_ctr.h5,10_right_snr_ctr,
500,0.7044225270318024,28.39205055561357,0.7044225270318025,10,Right,snr,ctr,,1,,/Volumes/Data/inference/10_right_snr_ctr.h5,10_right_snr_ctr,20.0
1500,-1.2421524448053676,-48.30324993596207,-0.4140508149351225,10,Right,snr,ctr,60.0,,2,/Volumes/Data/inference/10_right_snr_ctr.h5,10_right_snr_ctr,
500,-0.1347291907354026,-148.44592987482875,-0.1347291907354026,10,Right,snr,ctr,,2,,/Volumes/Data/inference/10_right_snr_ctr.h5,10_right_snr_ctr,20.0
1500,1.319345814110603,45.477083686696034,0.4397819380368676,10,Right,snr,ctr,60.0,,3,/Volumes/Data/inference/10_right_snr_ctr.h5,10_right_snr_ctr,
500,0.07236940618345601,276.359874354919,0.07236940618345601,10,Right,snr,ctr,,3,,/Volumes/Data/inference/10_right_snr_ctr.h5,10_right_snr_ctr,20.0
1500,0.8329562398937082,72.03259562309837,0.27765207996456936,10,Right,snr,ctr,60.0,,4,/Volumes/Data/inference/10_right_snr_ctr.h5,10_right_snr_ctr,
375,-0.01455113982379471,-1030.8470801353508,-0.019401519765059612,10,Left,snr,0hz,15.0,,1,/Volumes/Data/inference/10_left_snr_0hz_2.h5,10_left_snr_0hz_2,
500,-0.23480171163937555,-85.17825470845528,-0.23480171163937555,10,Left,snr,0hz,,1,,/Volumes/Data/inference/10_left_snr_0hz_2.h5,10_left_snr_0hz_2,20.0
1500,-1.1545525283502354,-51.968185532221106,-0.3848508427834118,10,Left,snr,0hz,60.0,,2,/Volumes/Data/inference/10_left_snr_0hz_2.h5,10_left_snr_0hz_2,
500,0.12417908459604453,161.0577180936721,0.12417908459604454,10,Left,snr,0hz,,2,,/Volumes/Data/inference/10_left_snr_0hz_2.h5,10_left_snr_0hz_2,20.0
1500,-3.431037442137555,-17.487422102458805,-1.143679147379185,10,Left,snr,0hz,60.0,,3,/Volumes/Data/inference/10_left_snr_0hz_2.h5,10_left_snr_0hz_2,
500,0.7944298757910205,25.175286843392982,0.7944298757910205,10,Left,snr,0hz,,3,,/Volumes/Data/inference/10_left_snr_0hz_2.h5,10_left_snr_0hz_2,20.0
1500,0.4373647760272169,137.18525882446977,0.14578825867573897,10,Left,snr,0hz,60.0,,4,/Volumes/Data/inference/10_left_snr_0hz_2.h5,10_left_snr_0hz_2,
375,0.6246778948633066,24.01237521504156,0.8329038598177421,10,Left,snr,ctr,15.0,,1,/Volumes/Data/inference/10_left_snr_ctr.h5,10_left_snr_ctr,
500,-1.271583011501349,-15.728426551079936,-1.271583011501349,10,Left,snr,ctr,,1,,/Volumes/Data/inference/10_left_snr_ctr.h5,10_left_snr_ctr,20.0
1500,-0.1378192351645794,-435.35287311927027,-0.045939745054859794,10,Left,snr,ctr,60.0,,2,/Volumes/Data/inference/10_left_snr_ctr.h5,10_left_snr_ctr,
500,-0.8504814742060108,-23.51609130424801,-0.8504814742060108,10,Left,snr,ctr,,2,,/Volumes/Data/inference/10_left_snr_ctr.h5,10_left_snr_ctr,20.0
1500,-1.69184392339644,-35.46426426827113,-0.56394797446548,10,Left,snr,ctr,60.0,,3,/Volumes/Data/inference/10_left_snr_ctr.h5,10_left_snr_ctr,
500,-1.9199168631308134,-10.41711773258033,-1.9199168631308132,10,Left,snr,ctr,,3,,/Volumes/Data/inference/10_left_snr_ctr.h5,10_left_snr_ctr,20.0
1500,-3.0973244163182976,-19.371558137045366,-1.032441472106099,10,Left,snr,ctr,60.0,,4,/Volumes/Data/inference/10_left_snr_ctr.h5,10_left_snr_ctr,
375,0.42135068494823497,35.59979972939364,0.5618009132643133,10,Right,snr,0hz,15.0,,1,/Volumes/Data/inference/10_right_snr_0hz_2.h5,10_right_snr_0hz_2,
500,-0.7615611233921483,-26.261844762920575,-0.7615611233921483,10,Right,snr,0hz,,1,,/Volumes/Data/inference/10_right_snr_0hz_2.h5,10_right_snr_0hz_2,20.0
1500,-1.8270007228339735,-32.84070950280211,-0.6090002409446579,10,Right,snr,0hz,60.0,,2,/Volumes/Data/inference/10_right_snr_0hz_2.h5,10_right_snr_0hz_2,
500,0.12206557736801535,163.84635563310388,0.12206557736801535,10,Right,snr,0hz,,2,,/Volumes/Data/inference/10_right_snr_0hz_2.h5,10_right_snr_0hz_2,20.0
1500,-0.43411710618811933,-138.21155431271978,-0.14470570206270644,10,Right,snr,0hz,60.0,,3,/Volumes/Data/inference/10_right_snr_0hz_2.h5,10_right_snr_0hz_2,
500,1.0762954463266963,18.582258308588298,1.0762954463266963,10,Right,snr,0hz,,3,,/Volumes/Data/inference/10_right_snr_0hz_2.h5,10_right_snr_0hz_2,20.0
1500,-0.9620298500453122,-62.368127139894845,-0.3206766166817707,10,Right,snr,0hz,60.0,,4,/Volumes/Data/inference/10_right_snr_0hz_2.h5,10_right_snr_0hz_2,
375,-1.1615824178781877,-12.913418599602988,-1.548776557170917,10,Right,snr,0hz,15.0,,1,/Volumes/Data/inference/10_right_snr_0hz.h5,10_right_snr_0hz,
500,-1.0514535834002292,-19.021286641416225,-1.0514535834002292,10,Right,snr,0hz,,1,,/Volumes/Data/inference/10_right_snr_0hz.h5,10_right_snr_0hz,20.0
1500,-0.9886993999292776,-60.68578579524964,-0.3295664666430925,10,Right,snr,0hz,60.0,,2,/Volumes/Data/inference/10_right_snr_0hz.h5,10_right_snr_0hz,
500,0.21127867745671416,94.66170576582444,0.21127867745671414,10,Right,snr,0hz,,2,,/Volumes/Data/inference/10_right_snr_0hz.h5,10_right_snr_0hz,20.0
1500,-3.994287453055109,-15.021452688415758,-1.3314291510183696,10,Right,snr,0hz,60.0,,3,/Volumes/Data/inference/10_right_snr_0hz.h5,10_right_snr_0hz,
500,-1.1650875259492652,-17.166092293113195,-1.1650875259492652,10,Right,snr,0hz,,3,,/Volumes/Data/inference/10_right_snr_0hz.h5,10_right_snr_0hz,20.0
1500,0.1543645039013256,388.6903950298949,0.051454834633775204,10,Right,snr,0hz,60.0,,4,/Volumes/Data/inference/10_right_snr_0hz.h5,10_right_snr_0hz,
